row_id,movie,year,imdb,metascore,votes
0,Gladiator,2000,8.5,67.0,1187559
1,Memento,2000,8.5,80.0,1014199
3,Requiem for a Dream,2000,8.3,68.0,688394
4,X-Men,2000,7.4,64.0,526411
5,Cast Away,2000,7.8,73.0,465125
6,American Psycho,2000,7.6,64.0,422475
7,Unbreakable,2000,7.3,62.0,335334
8,Meet the Parents,2000,7.0,73.0,290126
10,"O Brother, Where Art Thou?",2000,7.8,69.0,261119
12,Wo hu cang long,2000,7.9,93.0,237498
13,The Patriot,2000,7.2,63.0,234473
14,Almost Famous,2000,7.9,90.0,232474
20,Amores perros,2000,8.1,83.0,204468
21,Traffic,2000,7.6,86.0,184710
25,Chocolat,2000,7.3,64.0,166739
27,Chicken Run,2000,7.0,88.0,161403
29,Batoru rowaiaru,2000,7.7,81.0,157589
30,High Fidelity,2000,7.5,79.0,157024
31,The Emperor's New Groove,2000,7.3,70.0,156918
32,Erin Brockovich,2000,7.3,73.0,156488
38,Billy Elliot,2000,7.7,74.0,112664
39,Shanghai Noon,2000,6.6,77.0,110410
44,Faa yeung nin wa,2000,8.1,85.0,103042
49,Frequency,2000,7.4,67.0,93428
50,Gladiator,2000,8.5,67.0,1187559
51,Memento,2000,8.5,80.0,1014199
53,Requiem for a Dream,2000,8.3,68.0,688394
54,X-Men,2000,7.4,64.0,526411
55,Cast Away,2000,7.8,73.0,465125
56,American Psycho,2000,7.6,64.0,422475
57,Unbreakable,2000,7.3,62.0,335334
58,Meet the Parents,2000,7.0,73.0,290126
60,"O Brother, Where Art Thou?",2000,7.8,69.0,261119
62,Wo hu cang long,2000,7.9,93.0,237498
63,The Patriot,2000,7.2,63.0,234473
64,Almost Famous,2000,7.9,90.0,232474
70,Amores perros,2000,8.1,83.0,204468
71,Traffic,2000,7.6,86.0,184710
75,Chocolat,2000,7.3,64.0,166739
77,Chicken Run,2000,7.0,88.0,161403
79,Batoru rowaiaru,2000,7.7,81.0,157589
80,High Fidelity,2000,7.5,79.0,157024
81,The Emperor's New Groove,2000,7.3,70.0,156918
82,Erin Brockovich,2000,7.3,73.0,156488
88,Billy Elliot,2000,7.7,74.0,112664
89,Shanghai Noon,2000,6.6,77.0,110410
94,Faa yeung nin wa,2000,8.1,85.0,103042
99,Frequency,2000,7.4,67.0,93428
100,The Lord of the Rings: The Fellowship of the Ring,2001,8.8,92.0,1478783
101,A Beautiful Mind,2001,8.2,72.0,756786
102,"Monsters, Inc.",2001,8.1,78.0,724068
103,Donnie Darko,2001,8.1,88.0,688260
104,Amélie,2001,8.3,69.0,641467
105,Harry Potter and the Sorcerer's Stone,2001,7.6,64.0,558883
106,Shrek,2001,7.9,84.0,551023
107,Sen to Chihiro no kamikakushi,2001,8.6,96.0,542956
108,Ocean's Eleven,2001,7.8,74.0,467764
109,Training Day,2001,7.7,69.0,351876
110,Black Hawk Down,2001,7.7,74.0,334764
112,The Others,2001,7.6,74.0,309699
115,Mulholland Dr.,2001,8.0,83.0,286463
117,Artificial Intelligence: AI,2001,7.1,65.0,271351
119,Moulin Rouge!,2001,7.6,66.0,249368
120,The Royal Tenenbaums,2001,7.6,76.0,242710
123,Zoolander,2001,6.6,61.0,228393
128,Bridget Jones's Diary,2001,6.7,66.0,203237
141,Spy Game,2001,7.1,63.0,133889
144,The Score,2001,6.8,71.0,112132
148,Ghost World,2001,7.4,88.0,105974
149,Y tu mamá también,2001,7.7,88.0,105537
150,The Lord of the Rings: The Fellowship of the Ring,2001,8.8,92.0,1478783
151,A Beautiful Mind,2001,8.2,72.0,756786
152,"Monsters, Inc.",2001,8.1,78.0,724068
153,Donnie Darko,2001,8.1,88.0,688260
154,Amélie,2001,8.3,69.0,641467
155,Harry Potter and the Sorcerer's Stone,2001,7.6,64.0,558883
156,Shrek,2001,7.9,84.0,551023
157,Sen to Chihiro no kamikakushi,2001,8.6,96.0,542956
158,Ocean's Eleven,2001,7.8,74.0,467764
159,Training Day,2001,7.7,69.0,351876
160,Black Hawk Down,2001,7.7,74.0,334764
162,The Others,2001,7.6,74.0,309699
165,Mulholland Dr.,2001,8.0,83.0,286463
167,Artificial Intelligence: AI,2001,7.1,65.0,271351
169,Moulin Rouge!,2001,7.6,66.0,249368
170,The Royal Tenenbaums,2001,7.6,76.0,242710
173,Zoolander,2001,6.6,61.0,228393
178,Bridget Jones's Diary,2001,6.7,66.0,203237
191,Spy Game,2001,7.1,63.0,133889
194,The Score,2001,6.8,71.0,112132
198,Ghost World,2001,7.4,88.0,105974
199,Y tu mamá también,2001,7.7,88.0,105537
200,The Lord of the Rings: The Two Towers,2002,8.7,87.0,1322110
201,Catch Me If You Can,2002,8.1,75.0,699897
202,Cidade de Deus,2002,8.6,79.0,632933
203,Spider-Man,2002,7.3,73.0,628892
204,The Pianist,2002,8.5,85.0,626716
206,Harry Potter and the Chamber of Secrets,2002,7.4,63.0,482674
207,The Bourne Identity,2002,7.9,68.0,469099
208,Minority Report,2002,7.7,80.0,463204
210,Gangs of New York,2002,7.5,72.0,366108
211,28 Days Later...,2002,7.6,73.0,341350
217,Insomnia,2002,7.2,78.0,250595
219,Panic Room,2002,6.8,65.0,234144
223,Road to Perdition,2002,7.7,72.0,225901
224,8 Mile,2002,7.1,77.0,224920
226,Chicago,2002,7.2,82.0,198403
230,Austin Powers in Goldmember,2002,6.2,62.0,181721
232,Ying xiong,2002,7.9,85.0,164310
233,Adaptation.,2002,7.7,83.0,163423
234,25th Hour,2002,7.7,67.0,161595
235,About a Boy,2002,7.1,75.0,158920
236,Lilo & Stitch,2002,7.2,73.0,146553
237,Bowling for Columbine,2002,8.0,72.0,133918
238,Punch-Drunk Love,2002,7.3,78.0,130154
241,We Were Soldiers,2002,7.2,65.0,119350
242,The Count of Monte Cristo,2002,7.8,61.0,118564
244,About Schmidt,2002,7.2,85.0,116382
245,The Hours,2002,7.6,80.0,115285
247,My Big Fat Greek Wedding,2002,6.6,62.0,112533
249,Mou gaan dou,2002,8.1,75.0,110139
250,The Lord of the Rings: The Two Towers,2002,8.7,87.0,1322110
251,Catch Me If You Can,2002,8.1,75.0,699897
252,Cidade de Deus,2002,8.6,79.0,632933
253,Spider-Man,2002,7.3,73.0,628892
254,The Pianist,2002,8.5,85.0,626716
256,Harry Potter and the Chamber of Secrets,2002,7.4,63.0,482674
257,The Bourne Identity,2002,7.9,68.0,469099
258,Minority Report,2002,7.7,80.0,463204
260,Gangs of New York,2002,7.5,72.0,366108
261,28 Days Later...,2002,7.6,73.0,341350
267,Insomnia,2002,7.2,78.0,250595
269,Panic Room,2002,6.8,65.0,234144
273,Road to Perdition,2002,7.7,72.0,225901
274,8 Mile,2002,7.1,77.0,224920
276,Chicago,2002,7.2,82.0,198403
280,Austin Powers in Goldmember,2002,6.2,62.0,181721
282,Ying xiong,2002,7.9,85.0,164310
283,Adaptation.,2002,7.7,83.0,163423
284,25th Hour,2002,7.7,67.0,161595
285,About a Boy,2002,7.1,75.0,158920
286,Lilo & Stitch,2002,7.2,73.0,146553
287,Bowling for Columbine,2002,8.0,72.0,133918
288,Punch-Drunk Love,2002,7.3,78.0,130154
291,We Were Soldiers,2002,7.2,65.0,119350
292,The Count of Monte Cristo,2002,7.8,61.0,118564
294,About Schmidt,2002,7.2,85.0,116382
295,The Hours,2002,7.6,80.0,115285
297,My Big Fat Greek Wedding,2002,6.6,62.0,112533
299,Mou gaan dou,2002,8.1,75.0,110139
300,The Lord of the Rings: The Return of the King,2003,8.9,94.0,1462118
301,Pirates of the Caribbean: The Curse of the Black Pearl,2003,8.0,63.0,950582
302,Kill Bill: Vol. 1,2003,8.1,69.0,888283
303,Finding Nemo,2003,8.1,90.0,851025
304,X2,2003,7.5,68.0,472534
305,The Matrix Reloaded,2003,7.2,62.0,471761
306,Oldeuboi,2003,8.4,74.0,448739
309,Mystic River,2003,8.0,84.0,383967
311,Lost in Translation,2003,7.8,89.0,369050
313,Terminator 3: Rise of the Machines,2003,6.3,66.0,344420
315,The Italian Job,2003,7.0,68.0,318733
317,The School of Rock,2003,7.1,82.0,240423
322,21 Grams,2003,7.7,70.0,210781
323,Identity,2003,7.3,64.0,206712
328,Elf,2003,6.9,64.0,188866
330,Master and Commander: The Far Side of the World,2003,7.4,81.0,187573
337,Cold Mountain,2003,7.2,73.0,130773
339,Good Bye Lenin!,2003,7.7,68.0,127944
340,Bad Santa,2003,7.1,70.0,126465
344,Monster,2003,7.3,74.0,122983
347,Matchstick Men,2003,7.3,61.0,117042
348,Freaky Friday,2003,6.2,70.0,113525
350,The Lord of the Rings: The Return of the King,2003,8.9,94.0,1462118
351,Pirates of the Caribbean: The Curse of the Black Pearl,2003,8.0,63.0,950582
352,Kill Bill: Vol. 1,2003,8.1,69.0,888283
353,Finding Nemo,2003,8.1,90.0,851025
354,X2,2003,7.5,68.0,472534
355,The Matrix Reloaded,2003,7.2,62.0,471761
356,Oldeuboi,2003,8.4,74.0,448739
359,Mystic River,2003,8.0,84.0,383967
361,Lost in Translation,2003,7.8,89.0,369050
363,Terminator 3: Rise of the Machines,2003,6.3,66.0,344420
365,The Italian Job,2003,7.0,68.0,318733
367,The School of Rock,2003,7.1,82.0,240423
372,21 Grams,2003,7.7,70.0,210781
373,Identity,2003,7.3,64.0,206712
378,Elf,2003,6.9,64.0,188866
380,Master and Commander: The Far Side of the World,2003,7.4,81.0,187573
387,Cold Mountain,2003,7.2,73.0,130773
389,Good Bye Lenin!,2003,7.7,68.0,127944
390,Bad Santa,2003,7.1,70.0,126465
394,Monster,2003,7.3,74.0,122983
397,Matchstick Men,2003,7.3,61.0,117042
398,Freaky Friday,2003,6.2,70.0,113525
400,Eternal Sunshine of the Spotless Mind,2004,8.3,89.0,809622
401,Kill Bill: Vol. 2,2004,8.0,83.0,602907
402,The Incredibles,2004,8.0,90.0,587630
403,Million Dollar Baby,2004,8.1,86.0,577821
404,Spider-Man 2,2004,7.3,83.0,490239
405,Harry Potter and the Prisoner of Azkaban,2004,7.9,82.0,478915
407,Shaun of the Dead,2004,7.9,76.0,462350
412,The Bourne Supremacy,2004,7.8,73.0,402337
413,Crash,2004,7.8,69.0,397322
415,Shrek 2,2004,7.2,75.0,373496
419,Collateral,2004,7.5,71.0,331829
421,The Machinist,2004,7.7,61.0,325710
422,Hotel Rwanda,2004,8.1,79.0,309417
423,Anchorman: The Legend of Ron Burgundy,2004,7.2,63.0,304484
425,The Aviator,2004,7.5,77.0,303496
427,Der Untergang,2004,8.2,82.0,299374
428,Mean Girls,2004,7.0,66.0,296045
430,Hellboy,2004,6.9,72.0,281206
431,Hauru no ugoku shiro,2004,8.2,80.0,276466
437,Before Sunset,2004,8.1,90.0,203873
439,Garden State,2004,7.5,67.0,200264
441,Finding Neverland,2004,7.7,67.0,189632
443,Closer,2004,7.3,65.0,188384
444,A Series of Unfortunate Events,2004,6.8,62.0,182980
445,Napoleon Dynamite,2004,6.9,64.0,181743
449,Harold & Kumar Go to White Castle,2004,7.1,64.0,170592
450,Eternal Sunshine of the Spotless Mind,2004,8.3,89.0,809622
451,Kill Bill: Vol. 2,2004,8.0,83.0,602907
452,The Incredibles,2004,8.0,90.0,587630
453,Million Dollar Baby,2004,8.1,86.0,577821
454,Spider-Man 2,2004,7.3,83.0,490239
455,Harry Potter and the Prisoner of Azkaban,2004,7.9,82.0,478915
457,Shaun of the Dead,2004,7.9,76.0,462350
462,The Bourne Supremacy,2004,7.8,73.0,402337
463,Crash,2004,7.8,69.0,397322
465,Shrek 2,2004,7.2,75.0,373496
469,Collateral,2004,7.5,71.0,331829
471,The Machinist,2004,7.7,61.0,325710
472,Hotel Rwanda,2004,8.1,79.0,309417
473,Anchorman: The Legend of Ron Burgundy,2004,7.2,63.0,304484
475,The Aviator,2004,7.5,77.0,303496
477,Der Untergang,2004,8.2,82.0,299374
478,Mean Girls,2004,7.0,66.0,296045
480,Hellboy,2004,6.9,72.0,281206
481,Hauru no ugoku shiro,2004,8.2,80.0,276466
487,Before Sunset,2004,8.1,90.0,203873
489,Garden State,2004,7.5,67.0,200264
491,Finding Neverland,2004,7.7,67.0,189632
493,Closer,2004,7.3,65.0,188384
494,A Series of Unfortunate Events,2004,6.8,62.0,182980
495,Napoleon Dynamite,2004,6.9,64.0,181743
499,Harold & Kumar Go to White Castle,2004,7.1,64.0,170592
500,Batman Begins,2005,8.3,70.0,1171391
501,V for Vendetta,2005,8.2,62.0,938585
502,Sin City,2005,8.0,74.0,710505
503,Star Wars: Episode III - Revenge of the Sith,2005,7.6,68.0,628708
505,Harry Potter and the Goblet of Fire,2005,7.7,81.0,478501
508,Charlie and the Chocolate Factory,2005,6.7,72.0,382721
509,War of the Worlds,2005,6.5,73.0,382358
510,King Kong,2005,7.2,81.0,361574
511,The 40 Year Old Virgin,2005,7.1,73.0,357675
513,"The Chronicles of Narnia: The Lion, the Witch and the Wardrobe",2005,6.9,75.0,334831
515,Wedding Crashers,2005,7.0,64.0,310828
516,Brokeback Mountain,2005,7.7,87.0,295425
520,Lord of War,2005,7.6,62.0,274866
523,Serenity,2005,7.9,74.0,267252
524,Kingdom of Heaven,2005,7.2,63.0,247421
525,Pride & Prejudice,2005,7.8,82.0,227406
526,Corpse Bride,2005,7.4,83.0,220470
528,Walk the Line,2005,7.9,72.0,209943
529,A History of Violence,2005,7.5,81.0,208502
531,Thank You for Smoking,2005,7.6,71.0,204700
532,Kiss Kiss Bang Bang,2005,7.6,72.0,200301
533,Munich,2005,7.6,74.0,196713
534,Match Point,2005,7.6,72.0,189078
535,The Descent,2005,7.2,71.0,181892
538,The Hitchhiker's Guide to the Galaxy,2005,6.8,63.0,175716
540,Cinderella Man,2005,8.0,69.0,164951
550,Batman Begins,2005,8.3,70.0,1171391
551,V for Vendetta,2005,8.2,62.0,938585
552,Sin City,2005,8.0,74.0,710505
553,Star Wars: Episode III - Revenge of the Sith,2005,7.6,68.0,628708
555,Harry Potter and the Goblet of Fire,2005,7.7,81.0,478501
558,Charlie and the Chocolate Factory,2005,6.7,72.0,382721
559,War of the Worlds,2005,6.5,73.0,382358
560,King Kong,2005,7.2,81.0,361574
561,The 40 Year Old Virgin,2005,7.1,73.0,357675
563,"The Chronicles of Narnia: The Lion, the Witch and the Wardrobe",2005,6.9,75.0,334831
565,Wedding Crashers,2005,7.0,64.0,310828
566,Brokeback Mountain,2005,7.7,87.0,295425
570,Lord of War,2005,7.6,62.0,274866
573,Serenity,2005,7.9,74.0,267252
574,Kingdom of Heaven,2005,7.2,63.0,247421
575,Pride & Prejudice,2005,7.8,82.0,227406
576,Corpse Bride,2005,7.4,83.0,220470
578,Walk the Line,2005,7.9,72.0,209943
579,A History of Violence,2005,7.5,81.0,208502
581,Thank You for Smoking,2005,7.6,71.0,204700
582,Kiss Kiss Bang Bang,2005,7.6,72.0,200301
583,Munich,2005,7.6,74.0,196713
584,Match Point,2005,7.6,72.0,189078
585,The Descent,2005,7.2,71.0,181892
588,The Hitchhiker's Guide to the Galaxy,2005,6.8,63.0,175716
590,Cinderella Man,2005,8.0,69.0,164951
600,The Departed,2006,8.5,85.0,1054865
601,The Prestige,2006,8.5,66.0,1043786
606,Pan's Labyrinth,2006,8.2,98.0,563084
607,Casino Royale,2006,8.0,80.0,532617
608,Blood Diamond,2006,8.0,64.0,457064
610,Children of Men,2006,7.9,84.0,423783
611,Little Miss Sunshine,2006,7.8,80.0,404340
612,The Pursuit of Happyness,2006,8.0,64.0,399064
614,The Illusionist,2006,7.6,68.0,334017
615,The Devil Wears Prada,2006,6.9,62.0,333742
616,Borat: Cultural Learnings of America for Make Benefit Glorious Nation of Kazakhstan,2006,7.3,89.0,328813
617,Cars,2006,7.1,73.0,321039
618,The Lives of Others,2006,8.4,89.0,316465
619,Inside Man,2006,7.6,76.0,310135
620,Mission: Impossible III,2006,6.9,66.0,301831
625,Babel,2006,7.5,69.0,270695
626,Apocalypto,2006,7.8,68.0,267667
627,Superman Returns,2006,6.1,72.0,258606
635,Stranger Than Fiction,2006,7.6,67.0,205208
637,Rocky Balboa,2006,7.2,63.0,187227
641,The Last King of Scotland,2006,7.7,74.0,163662
642,Happy Feet,2006,6.5,77.0,155275
643,Talladega Nights: The Ballad of Ricky Bobby,2006,6.6,66.0,151324
645,Over the Hedge,2006,6.7,67.0,145380
646,Letters from Iwo Jima,2006,7.9,89.0,145116
650,The Departed,2006,8.5,85.0,1054865
651,The Prestige,2006,8.5,66.0,1043786
656,Pan's Labyrinth,2006,8.2,98.0,563084
657,Casino Royale,2006,8.0,80.0,532617
658,Blood Diamond,2006,8.0,64.0,457064
660,Children of Men,2006,7.9,84.0,423783
661,Little Miss Sunshine,2006,7.8,80.0,404340
662,The Pursuit of Happyness,2006,8.0,64.0,399064
664,The Illusionist,2006,7.6,68.0,334017
665,The Devil Wears Prada,2006,6.9,62.0,333742
666,Borat: Cultural Learnings of America for Make Benefit Glorious Nation of Kazakhstan,2006,7.3,89.0,328813
667,Cars,2006,7.1,73.0,321039
668,The Lives of Others,2006,8.4,89.0,316465
669,Inside Man,2006,7.6,76.0,310135
670,Mission: Impossible III,2006,6.9,66.0,301831
675,Babel,2006,7.5,69.0,270695
676,Apocalypto,2006,7.8,68.0,267667
677,Superman Returns,2006,6.1,72.0,258606
685,Stranger Than Fiction,2006,7.6,67.0,205208
687,Rocky Balboa,2006,7.2,63.0,187227
691,The Last King of Scotland,2006,7.7,74.0,163662
692,Happy Feet,2006,6.5,77.0,155275
693,Talladega Nights: The Ballad of Ricky Bobby,2006,6.6,66.0,151324
695,Over the Hedge,2006,6.7,67.0,145380
696,Letters from Iwo Jima,2006,7.9,89.0,145116
700,No Country for Old Men,2007,8.1,91.0,752739
701,I Am Legend,2007,7.2,65.0,624229
702,The Bourne Ultimatum,2007,8.0,85.0,575228
703,Ratatouille,2007,8.0,96.0,566104
704,Transformers,2007,7.1,61.0,564269
706,Into the Wild,2007,8.1,73.0,516918
707,Superbad,2007,7.6,76.0,476320
708,Juno,2007,7.5,81.0,460896
709,There Will Be Blood,2007,8.2,93.0,455644
711,Harry Potter and the Order of the Phoenix,2007,7.5,71.0,443705
712,Hot Fuzz,2007,7.9,81.0,418254
713,Zodiac,2007,7.7,78.0,382232
714,Live Free or Die Hard,2007,7.1,69.0,367903
715,American Gangster,2007,7.8,76.0,362281
716,Knocked Up,2007,7.0,85.0,328166
717,Sweeney Todd: The Demon Barber of Fleet Street,2007,7.4,83.0,318528
718,Ocean's Thirteen,2007,6.9,62.0,293708
720,The Simpsons Movie,2007,7.3,80.0,288308
721,3:10 to Yuma,2007,7.7,76.0,266913
725,1408,2007,6.8,64.0,239015
726,28 Weeks Later,2007,7.0,78.0,238981
727,Stardust,2007,7.7,66.0,236870
729,Gone Baby Gone,2007,7.7,72.0,230347
730,Atonement,2007,7.8,85.0,225195
731,Sunshine,2007,7.3,64.0,217310
732,Eastern Promises,2007,7.7,82.0,211952
735,Paranormal Activity,2007,6.3,68.0,205966
736,Disturbia,2007,6.9,62.0,205476
743,Grindhouse,2007,7.6,77.0,168360
744,Fracture,2007,7.2,68.0,166765
746,Enchanted,2007,7.1,75.0,163221
747,The Darjeeling Limited,2007,7.2,67.0,162991
750,No Country for Old Men,2007,8.1,91.0,752739
751,I Am Legend,2007,7.2,65.0,624229
752,The Bourne Ultimatum,2007,8.0,85.0,575228
753,Ratatouille,2007,8.0,96.0,566104
754,Transformers,2007,7.1,61.0,564269
756,Into the Wild,2007,8.1,73.0,516918
757,Superbad,2007,7.6,76.0,476320
758,Juno,2007,7.5,81.0,460896
759,There Will Be Blood,2007,8.2,93.0,455644
761,Harry Potter and the Order of the Phoenix,2007,7.5,71.0,443705
762,Hot Fuzz,2007,7.9,81.0,418254
763,Zodiac,2007,7.7,78.0,382232
764,Live Free or Die Hard,2007,7.1,69.0,367903
765,American Gangster,2007,7.8,76.0,362281
766,Knocked Up,2007,7.0,85.0,328166
767,Sweeney Todd: The Demon Barber of Fleet Street,2007,7.4,83.0,318528
768,Ocean's Thirteen,2007,6.9,62.0,293708
770,The Simpsons Movie,2007,7.3,80.0,288308
771,3:10 to Yuma,2007,7.7,76.0,266913
775,1408,2007,6.8,64.0,239015
776,28 Weeks Later,2007,7.0,78.0,238981
777,Stardust,2007,7.7,66.0,236870
779,Gone Baby Gone,2007,7.7,72.0,230347
780,Atonement,2007,7.8,85.0,225195
781,Sunshine,2007,7.3,64.0,217310
782,Eastern Promises,2007,7.7,82.0,211952
785,Paranormal Activity,2007,6.3,68.0,205966
786,Disturbia,2007,6.9,62.0,205476
793,Grindhouse,2007,7.6,77.0,168360
794,Fracture,2007,7.2,68.0,166765
796,Enchanted,2007,7.1,75.0,163221
797,The Darjeeling Limited,2007,7.2,67.0,162991
800,The Dark Knight,2008,9.0,84.0,2020298
802,WALL·E,2008,8.4,95.0,887059
803,Iron Man,2008,7.9,79.0,833410
804,Slumdog Millionaire,2008,8.0,86.0,737092
805,Gran Torino,2008,8.1,72.0,660559
807,The Curious Case of Benjamin Button,2008,7.8,70.0,531326
810,The Incredible Hulk,2008,6.8,61.0,387633
811,The Hurt Locker,2008,7.6,94.0,386666
812,Indiana Jones and the Kingdom of the Crystal Skull,2008,6.2,65.0,386439
814,Kung Fu Panda,2008,7.6,73.0,372488
815,In Bruges,2008,7.9,67.0,356760
816,Tropic Thunder,2008,7.0,71.0,347344
817,Cloverfield,2008,7.0,64.0,347056
818,Wanted,2008,6.7,64.0,335979
820,Pineapple Express,2008,7.0,64.0,289019
821,Burn After Reading,2008,7.0,63.0,283739
822,The Wrestler,2008,7.9,81.0,275205
825,Forgetting Sarah Marshall,2008,7.2,67.0,244595
827,Hellboy II: The Golden Army,2008,7.0,78.0,236112
829,Vicky Cristina Barcelona,2008,7.1,70.0,225168
830,Changeling,2008,7.7,63.0,221065
836,Role Models,2008,6.9,61.0,209788
841,Låt den rätte komma in,2008,7.9,82.0,193157
846,Madagascar: Escape 2 Africa,2008,6.7,61.0,178943
847,The Chronicles of Narnia: Prince Caspian,2008,6.5,62.0,176120
848,Revolutionary Road,2008,7.3,69.0,175467
850,The Dark Knight,2008,9.0,84.0,2020298
852,WALL·E,2008,8.4,95.0,887059
853,Iron Man,2008,7.9,79.0,833410
854,Slumdog Millionaire,2008,8.0,86.0,737092
855,Gran Torino,2008,8.1,72.0,660559
857,The Curious Case of Benjamin Button,2008,7.8,70.0,531326
860,The Incredible Hulk,2008,6.8,61.0,387633
861,The Hurt Locker,2008,7.6,94.0,386666
862,Indiana Jones and the Kingdom of the Crystal Skull,2008,6.2,65.0,386439
864,Kung Fu Panda,2008,7.6,73.0,372488
865,In Bruges,2008,7.9,67.0,356760
866,Tropic Thunder,2008,7.0,71.0,347344
867,Cloverfield,2008,7.0,64.0,347056
868,Wanted,2008,6.7,64.0,335979
870,Pineapple Express,2008,7.0,64.0,289019
871,Burn After Reading,2008,7.0,63.0,283739
872,The Wrestler,2008,7.9,81.0,275205
875,Forgetting Sarah Marshall,2008,7.2,67.0,244595
877,Hellboy II: The Golden Army,2008,7.0,78.0,236112
879,Vicky Cristina Barcelona,2008,7.1,70.0,225168
880,Changeling,2008,7.7,63.0,221065
886,Role Models,2008,6.9,61.0,209788
891,Låt den rätte komma in,2008,7.9,82.0,193157
896,Madagascar: Escape 2 Africa,2008,6.7,61.0,178943
897,The Chronicles of Narnia: Prince Caspian,2008,6.5,62.0,176120
898,Revolutionary Road,2008,7.3,69.0,175467
900,Inglourious Basterds,2009,8.3,69.0,1095469
901,Avatar,2009,7.8,83.0,1025696
902,Up,2009,8.3,88.0,826985
903,The Hangover,2009,7.7,73.0,659826
904,District 9,2009,7.9,81.0,597305
905,Star Trek,2009,8.0,82.0,552500
907,Zombieland,2009,7.6,73.0,450316
909,(500) Days of Summer,2009,7.7,76.0,435020
911,Harry Potter and the Half-Blood Prince,2009,7.6,78.0,408649
915,Moon,2009,7.9,67.0,308043
917,Up in the Air,2009,7.4,83.0,297985
918,3 Idiots,2009,8.4,67.0,292171
922,Public Enemies,2009,7.0,70.0,258567
929,The Road,2009,7.3,64.0,204685
931,Män som hatar kvinnor,2009,7.8,76.0,195787
932,Mr. Nobody,2009,7.8,63.0,193670
935,"I Love You, Man",2009,7.0,70.0,183933
936,Cloudy with a Chance of Meatballs,2009,7.0,66.0,182670
937,Coraline,2009,7.7,80.0,176052
938,Drag Me to Hell,2009,6.6,83.0,175315
939,Fantastic Mr. Fox,2009,7.9,83.0,173546
943,El secreto de sus ojos,2009,8.2,80.0,169811
950,Inglourious Basterds,2009,8.3,69.0,1095469
951,Avatar,2009,7.8,83.0,1025696
952,Up,2009,8.3,88.0,826985
953,The Hangover,2009,7.7,73.0,659826
954,District 9,2009,7.9,81.0,597305
955,Star Trek,2009,8.0,82.0,552500
957,Zombieland,2009,7.6,73.0,450316
959,(500) Days of Summer,2009,7.7,76.0,435020
961,Harry Potter and the Half-Blood Prince,2009,7.6,78.0,408649
965,Moon,2009,7.9,67.0,308043
967,Up in the Air,2009,7.4,83.0,297985
968,3 Idiots,2009,8.4,67.0,292171
972,Public Enemies,2009,7.0,70.0,258567
979,The Road,2009,7.3,64.0,204685
981,Män som hatar kvinnor,2009,7.8,76.0,195787
982,Mr. Nobody,2009,7.8,63.0,193670
985,"I Love You, Man",2009,7.0,70.0,183933
986,Cloudy with a Chance of Meatballs,2009,7.0,66.0,182670
987,Coraline,2009,7.7,80.0,176052
988,Drag Me to Hell,2009,6.6,83.0,175315
989,Fantastic Mr. Fox,2009,7.9,83.0,173546
993,El secreto de sus ojos,2009,8.2,80.0,169811
1000,Inception,2010,8.8,74.0,1799695
1001,Shutter Island,2010,8.1,63.0,983982
1004,Toy Story 3,2010,8.3,92.0,667157
1005,Black Swan,2010,8.0,79.0,638580
1007,How to Train Your Dragon,2010,8.1,74.0,595638
1008,The King's Speech,2010,8.0,88.0,584869
1009,The Social Network,2010,7.7,95.0,560871
1010,Kick-Ass,2010,7.6,66.0,491089
1011,Despicable Me,2010,7.7,72.0,456440
1012,Harry Potter and the Deathly Hallows: Part 1,2010,7.7,65.0,415351
1013,Tangled,2010,7.8,71.0,358425
1015,Scott Pilgrim vs. the World,2010,7.5,69.0,331928
1016,Easy A,2010,7.1,72.0,324718
1017,127 Hours,2010,7.6,82.0,319032
1018,The Town,2010,7.6,74.0,318372
1019,The Fighter,2010,7.8,79.0,312613
1023,True Grit,2010,7.6,80.0,279638
1024,Salt,2010,6.4,65.0,274457
1032,The Other Guys,2010,6.7,64.0,218263
1036,Megamind,2010,7.3,63.0,203939
1040,Unstoppable,2010,6.8,69.0,170865
1042,Blue Valentine,2010,7.4,81.0,167676
1047,Get Him to the Greek,2010,6.4,65.0,160290
1049,Hot Tub Time Machine,2010,6.4,63.0,152544
1050,Inception,2010,8.8,74.0,1799695
1051,Shutter Island,2010,8.1,63.0,983982
1054,Toy Story 3,2010,8.3,92.0,667157
1055,Black Swan,2010,8.0,79.0,638580
1057,How to Train Your Dragon,2010,8.1,74.0,595638
1058,The King's Speech,2010,8.0,88.0,584869
1059,The Social Network,2010,7.7,95.0,560871
1060,Kick-Ass,2010,7.6,66.0,491089
1061,Despicable Me,2010,7.7,72.0,456440
1062,Harry Potter and the Deathly Hallows: Part 1,2010,7.7,65.0,415351
1063,Tangled,2010,7.8,71.0,358425
1065,Scott Pilgrim vs. the World,2010,7.5,69.0,331928
1066,Easy A,2010,7.1,72.0,324718
1067,127 Hours,2010,7.6,82.0,319032
1068,The Town,2010,7.6,74.0,318372
1069,The Fighter,2010,7.8,79.0,312613
1073,True Grit,2010,7.6,80.0,279638
1074,Salt,2010,6.4,65.0,274457
1082,The Other Guys,2010,6.7,64.0,218263
1086,Megamind,2010,7.3,63.0,203939
1090,Unstoppable,2010,6.8,69.0,170865
1092,Blue Valentine,2010,7.4,81.0,167676
1097,Get Him to the Greek,2010,6.4,65.0,160290
1099,Hot Tub Time Machine,2010,6.4,63.0,152544
1101,Harry Potter and the Deathly Hallows: Part 2,2011,8.1,87.0,678138
1104,Captain America: The First Avenger,2011,6.9,66.0,637116
1105,X: First Class,2011,7.7,65.0,598227
1106,Drive,2011,7.8,78.0,513419
1108,Rise of the Planet of the Apes,2011,7.6,68.0,467487
1109,Source Code,2011,7.5,74.0,445963
1111,"Crazy, Stupid, Love.",2011,7.4,68.0,431726
1113,Mission: Impossible - Ghost Protocol,2011,7.4,73.0,422185
1114,Warrior,2011,8.2,71.0,398258
1117,The Help,2011,8.1,62.0,386064
1118,The Girl with the Dragon Tattoo,2011,7.8,71.0,382537
1120,Midnight in Paris,2011,7.7,81.0,351333
1122,The Cabin in the Woods,2011,7.0,72.0,332792
1123,Fast Five,2011,7.3,66.0,325713
1124,Moneyball,2011,7.6,87.0,321309
1126,Super 8,2011,7.0,72.0,317641
1127,Friends with Benefits,2011,6.6,63.0,312923
1128,50/50,2011,7.7,72.0,297692
1130,Hugo,2011,7.5,83.0,281439
1134,Bridesmaids,2011,6.8,75.0,246487
1137,The Grey,2011,6.8,64.0,226513
1139,Kung Fu Panda 2,2011,7.2,67.0,223198
1140,The Descendants,2011,7.3,84.0,221929
1144,The Artist,2011,7.9,89.0,215060
1145,Rango,2011,7.2,75.0,212441
1146,The Ides of March,2011,7.1,67.0,205955
1148,The Adventures of Tintin,2011,7.3,68.0,200010
1149,Contagion,2011,6.6,70.0,199426
1151,Harry Potter and the Deathly Hallows: Part 2,2011,8.1,87.0,678138
1154,Captain America: The First Avenger,2011,6.9,66.0,637116
1155,X: First Class,2011,7.7,65.0,598227
1156,Drive,2011,7.8,78.0,513419
1158,Rise of the Planet of the Apes,2011,7.6,68.0,467487
1159,Source Code,2011,7.5,74.0,445963
1161,"Crazy, Stupid, Love.",2011,7.4,68.0,431726
1163,Mission: Impossible - Ghost Protocol,2011,7.4,73.0,422185
1164,Warrior,2011,8.2,71.0,398258
1167,The Help,2011,8.1,62.0,386064
1168,The Girl with the Dragon Tattoo,2011,7.8,71.0,382537
1170,Midnight in Paris,2011,7.7,81.0,351333
1172,The Cabin in the Woods,2011,7.0,72.0,332792
1173,Fast Five,2011,7.3,66.0,325713
1174,Moneyball,2011,7.6,87.0,321309
1176,Super 8,2011,7.0,72.0,317641
1177,Friends with Benefits,2011,6.6,63.0,312923
1178,50/50,2011,7.7,72.0,297692
1180,Hugo,2011,7.5,83.0,281439
1184,Bridesmaids,2011,6.8,75.0,246487
1187,The Grey,2011,6.8,64.0,226513
1189,Kung Fu Panda 2,2011,7.2,67.0,223198
1190,The Descendants,2011,7.3,84.0,221929
1194,The Artist,2011,7.9,89.0,215060
1195,Rango,2011,7.2,75.0,212441
1196,The Ides of March,2011,7.1,67.0,205955
1198,The Adventures of Tintin,2011,7.3,68.0,200010
1199,Contagion,2011,6.6,70.0,199426
1200,The Dark Knight Rises,2012,8.4,78.0,1361582
1201,Django Unchained,2012,8.4,81.0,1184449
1202,The Avengers,2012,8.1,69.0,1149602
1203,The Hunger Games,2012,7.2,68.0,786116
1205,Silver Linings Playbook,2012,7.7,81.0,613832
1206,Skyfall,2012,7.8,81.0,585725
1207,Prometheus,2012,7.0,64.0,532734
1208,Ted,2012,6.9,62.0,531643
1209,Argo,2012,7.7,86.0,527836
1210,Life of Pi,2012,7.9,79.0,525112
1211,The Amazing Spider-Man,2012,7.0,66.0,517059
1212,Looper,2012,7.4,84.0,493725
1213,21 Jump Street,2012,7.2,69.0,470883
1214,The Perks of Being a Wallflower,2012,8.0,67.0,416943
1216,Wreck-It Ralph,2012,7.7,72.0,333746
1217,Brave,2012,7.1,69.0,331566
1220,Flight,2012,7.3,76.0,299084
1221,Moonrise Kingdom,2012,7.8,84.0,287237
1222,Les Misérables,2012,7.6,63.0,282043
1226,The Bourne Legacy,2012,6.7,61.0,265306
1228,Pitch Perfect,2012,7.2,66.0,252198
1230,Zero Dark Thirty,2012,7.4,95.0,246991
1232,Jagten,2012,8.3,77.0,235152
1234,Chronicle,2012,7.1,69.0,227120
1237,Lincoln,2012,7.4,86.0,225938
1239,The Place Beyond the Pines,2012,7.3,68.0,223386
1240,Seven Psychopaths,2012,7.2,66.0,220331
1243,End of Watch,2012,7.6,68.0,208785
1249,Lo imposible,2012,7.6,73.0,174458
1250,The Dark Knight Rises,2012,8.4,78.0,1361582
1251,Django Unchained,2012,8.4,81.0,1184449
1252,The Avengers,2012,8.1,69.0,1149602
1253,The Hunger Games,2012,7.2,68.0,786116
1255,Silver Linings Playbook,2012,7.7,81.0,613832
1256,Skyfall,2012,7.8,81.0,585725
1257,Prometheus,2012,7.0,64.0,532734
1258,Ted,2012,6.9,62.0,531643
1259,Argo,2012,7.7,86.0,527836
1260,Life of Pi,2012,7.9,79.0,525112
1261,The Amazing Spider-Man,2012,7.0,66.0,517059
1262,Looper,2012,7.4,84.0,493725
1263,21 Jump Street,2012,7.2,69.0,470883
1264,The Perks of Being a Wallflower,2012,8.0,67.0,416943
1266,Wreck-It Ralph,2012,7.7,72.0,333746
1267,Brave,2012,7.1,69.0,331566
1270,Flight,2012,7.3,76.0,299084
1271,Moonrise Kingdom,2012,7.8,84.0,287237
1272,Les Misérables,2012,7.6,63.0,282043
1276,The Bourne Legacy,2012,6.7,61.0,265306
1278,Pitch Perfect,2012,7.2,66.0,252198
1280,Zero Dark Thirty,2012,7.4,95.0,246991
1282,Jagten,2012,8.3,77.0,235152
1284,Chronicle,2012,7.1,69.0,227120
1287,Lincoln,2012,7.4,86.0,225938
1289,The Place Beyond the Pines,2012,7.3,68.0,223386
1290,Seven Psychopaths,2012,7.2,66.0,220331
1293,End of Watch,2012,7.6,68.0,208785
1299,Lo imposible,2012,7.6,73.0,174458
1300,The Wolf of Wall Street,2013,8.2,75.0,1010016
1301,Gravity,2013,7.7,96.0,696061
1302,Iron Man Three,2013,7.2,62.0,668687
1304,The Hunger Games: Catching Fire,2013,7.5,76.0,567635
1305,12 Years a Slave,2013,8.1,96.0,565827
1306,The Hobbit: The Desolation of Smaug,2013,7.8,66.0,558271
1307,World War Z,2013,7.0,63.0,544762
1310,Prisoners,2013,8.1,74.0,514497
1311,Frozen,2013,7.5,74.0,507325
1312,Her,2013,8.0,90.0,455554
1314,Star Trek Into Darkness,2013,7.7,72.0,441925
1315,Pacific Rim,2013,6.9,65.0,438244
1318,American Hustle,2013,7.2,90.0,412847
1319,Dallas Buyers Club,2013,8.0,84.0,396291
1320,The Wolverine,2013,6.7,61.0,393240
1321,Elysium,2013,6.6,61.0,390269
1322,The Conjuring,2013,7.5,68.0,387033
1323,Rush,2013,8.1,75.0,385514
1324,Captain Phillips,2013,7.8,83.0,381462
1326,This Is the End,2013,6.6,67.0,355770
1327,Furious 6,2013,7.1,61.0,342558
1328,Despicable Me 2,2013,7.4,62.0,338268
1330,Monsters University,2013,7.3,65.0,286206
1339,Snowpiercer,2013,7.1,84.0,231500
1340,The World's End,2013,7.0,81.0,228522
1341,Don Jon,2013,6.6,66.0,213885
1350,The Wolf of Wall Street,2013,8.2,75.0,1010016
1351,Gravity,2013,7.7,96.0,696061
1352,Iron Man Three,2013,7.2,62.0,668687
1354,The Hunger Games: Catching Fire,2013,7.5,76.0,567635
1355,12 Years a Slave,2013,8.1,96.0,565827
1356,The Hobbit: The Desolation of Smaug,2013,7.8,66.0,558271
1357,World War Z,2013,7.0,63.0,544762
1360,Prisoners,2013,8.1,74.0,514497
1361,Frozen,2013,7.5,74.0,507325
1362,Her,2013,8.0,90.0,455554
1364,Star Trek Into Darkness,2013,7.7,72.0,441925
1365,Pacific Rim,2013,6.9,65.0,438244
1368,American Hustle,2013,7.2,90.0,412847
1369,Dallas Buyers Club,2013,8.0,84.0,396291
1370,The Wolverine,2013,6.7,61.0,393240
1371,Elysium,2013,6.6,61.0,390269
1372,The Conjuring,2013,7.5,68.0,387033
1373,Rush,2013,8.1,75.0,385514
1374,Captain Phillips,2013,7.8,83.0,381462
1376,This Is the End,2013,6.6,67.0,355770
1377,Furious 6,2013,7.1,61.0,342558
1378,Despicable Me 2,2013,7.4,62.0,338268
1380,Monsters University,2013,7.3,65.0,286206
1389,Snowpiercer,2013,7.1,84.0,231500
1390,The World's End,2013,7.0,81.0,228522
1391,Don Jon,2013,6.6,66.0,213885
1400,Interstellar,2014,8.6,74.0,1260178
1401,Guardians of the Galaxy,2014,8.1,76.0,909491
1402,Gone Girl,2014,8.1,79.0,744839
1403,Captain America: The Winter Soldier,2014,7.8,70.0,637435
1404,The Grand Budapest Hotel,2014,8.1,88.0,620793
1405,X-Men: Days of Future Past,2014,8.0,75.0,607538
1406,The Imitation Game,2014,8.0,73.0,606173
1407,Whiplash,2014,8.5,88.0,596604
1408,Edge of Tomorrow,2014,7.9,71.0,536230
1410,Birdman or (The Unexpected Virtue of Ignorance),2014,7.7,88.0,507863
1413,John Wick,2014,7.3,68.0,418218
1414,Ex Machina,2014,7.7,78.0,413878
1415,Lucy,2014,6.4,61.0,395561
1416,Nightcrawler,2014,7.9,76.0,394875
1417,American Sniper,2014,7.3,72.0,394677
1419,Dawn of the Planet of the Apes,2014,7.6,79.0,384705
1422,Fury,2014,7.6,64.0,374610
1423,The Hunger Games: Mockingjay - Part 1,2014,6.7,64.0,371840
1424,Big Hero 6,2014,7.8,74.0,360441
1425,The Theory of Everything,2014,7.7,72.0,352366
1426,Godzilla,2014,6.4,62.0,342003
1427,22 Jump Street,2014,7.0,71.0,313884
1428,Boyhood,2014,7.9,100.0,312102
1429,The Fault in Our Stars,2014,7.7,69.0,309125
1431,The Lego Movie,2014,7.8,83.0,296822
1436,How to Train Your Dragon 2,2014,7.8,76.0,267510
1438,Neighbors,2014,6.3,68.0,261764
1441,Noah,2014,5.8,68.0,226480
1442,Predestination,2014,7.5,69.0,220872
1447,It Follows,2014,6.8,83.0,177686
1448,Chef,2014,7.3,68.0,170468
1450,Interstellar,2014,8.6,74.0,1260178
1451,Guardians of the Galaxy,2014,8.1,76.0,909491
1452,Gone Girl,2014,8.1,79.0,744839
1453,Captain America: The Winter Soldier,2014,7.8,70.0,637435
1454,The Grand Budapest Hotel,2014,8.1,88.0,620793
1455,X-Men: Days of Future Past,2014,8.0,75.0,607538
1456,The Imitation Game,2014,8.0,73.0,606173
1457,Whiplash,2014,8.5,88.0,596604
1458,Edge of Tomorrow,2014,7.9,71.0,536230
1460,Birdman or (The Unexpected Virtue of Ignorance),2014,7.7,88.0,507863
1463,John Wick,2014,7.3,68.0,418218
1464,Ex Machina,2014,7.7,78.0,413878
1465,Lucy,2014,6.4,61.0,395561
1466,Nightcrawler,2014,7.9,76.0,394875
1467,American Sniper,2014,7.3,72.0,394677
1469,Dawn of the Planet of the Apes,2014,7.6,79.0,384705
1472,Fury,2014,7.6,64.0,374610
1473,The Hunger Games: Mockingjay - Part 1,2014,6.7,64.0,371840
1474,Big Hero 6,2014,7.8,74.0,360441
1475,The Theory of Everything,2014,7.7,72.0,352366
1476,Godzilla,2014,6.4,62.0,342003
1477,22 Jump Street,2014,7.0,71.0,313884
1478,Boyhood,2014,7.9,100.0,312102
1479,The Fault in Our Stars,2014,7.7,69.0,309125
1481,The Lego Movie,2014,7.8,83.0,296822
1486,How to Train Your Dragon 2,2014,7.8,76.0,267510
1488,Neighbors,2014,6.3,68.0,261764
1491,Noah,2014,5.8,68.0,226480
1492,Predestination,2014,7.5,69.0,220872
1497,It Follows,2014,6.8,83.0,177686
1498,Chef,2014,7.3,68.0,170468
1500,Star Wars: Episode VII - The Force Awakens,2015,8.0,81.0,771423
1501,Mad Max: Fury Road,2015,8.1,90.0,761856
1502,The Martian,2015,8.0,80.0,661549
1503,Avengers: Age of Ultron,2015,7.4,66.0,630202
1504,The Revenant,2015,8.0,76.0,602477
1506,Inside Out,2015,8.2,94.0,520847
1507,Ant-Man,2015,7.3,64.0,473856
1508,The Hateful Eight,2015,7.8,68.0,420700
1509,Spotlight,2015,8.1,93.0,354389
1511,Furious Seven,2015,7.2,67.0,330634
1513,Sicario,2015,7.6,82.0,320261
1514,Mission: Impossible - Rogue Nation,2015,7.4,75.0,305140
1515,Room,2015,8.2,86.0,304092
1516,The Big Short,2015,7.8,81.0,300718
1520,Bridge of Spies,2015,7.6,81.0,258279
1521,The Hunger Games: Mockingjay - Part 2,2015,6.6,65.0,244921
1525,Creed,2015,7.6,82.0,216168
1526,Spy,2015,7.0,75.0,210922
1535,Everest,2015,7.1,64.0,178261
1536,The Lobster,2015,7.1,82.0,173862
1539,Straight Outta Compton,2015,7.9,72.0,162665
1542,Black Mass,2015,6.9,68.0,153618
1543,The VVitch: A New-England Folktale,2015,6.8,83.0,147873
1544,The Danish Girl,2015,7.1,66.0,143138
1545,Cinderella,2015,6.9,67.0,138928
1547,Steve Jobs,2015,7.2,82.0,136188
1550,Star Wars: Episode VII - The Force Awakens,2015,8.0,81.0,771423
1551,Mad Max: Fury Road,2015,8.1,90.0,761856
1552,The Martian,2015,8.0,80.0,661549
1553,Avengers: Age of Ultron,2015,7.4,66.0,630202
1554,The Revenant,2015,8.0,76.0,602477
1556,Inside Out,2015,8.2,94.0,520847
1557,Ant-Man,2015,7.3,64.0,473856
1558,The Hateful Eight,2015,7.8,68.0,420700
1559,Spotlight,2015,8.1,93.0,354389
1561,Furious Seven,2015,7.2,67.0,330634
1563,Sicario,2015,7.6,82.0,320261
1564,Mission: Impossible - Rogue Nation,2015,7.4,75.0,305140
1565,Room,2015,8.2,86.0,304092
1566,The Big Short,2015,7.8,81.0,300718
1570,Bridge of Spies,2015,7.6,81.0,258279
1571,The Hunger Games: Mockingjay - Part 2,2015,6.6,65.0,244921
1575,Creed,2015,7.6,82.0,216168
1576,Spy,2015,7.0,75.0,210922
1585,Everest,2015,7.1,64.0,178261
1586,The Lobster,2015,7.1,82.0,173862
1589,Straight Outta Compton,2015,7.9,72.0,162665
1592,Black Mass,2015,6.9,68.0,153618
1593,The VVitch: A New-England Folktale,2015,6.8,83.0,147873
1594,The Danish Girl,2015,7.1,66.0,143138
1595,Cinderella,2015,6.9,67.0,138928
1597,Steve Jobs,2015,7.2,82.0,136188
1600,Deadpool,2016,8.0,65.0,796829
1603,Captain America: Civil War,2016,7.8,75.0,549499
1605,Arrival,2016,7.9,81.0,496411
1606,Doctor Strange,2016,7.5,72.0,480681
1607,Rogue One,2016,7.8,65.0,463584
1608,La La Land,2016,8.0,93.0,419646
1609,Zootopia,2016,8.0,78.0,371352
1610,Hacksaw Ridge,2016,8.1,71.0,353791
1611,Fantastic Beasts and Where to Find Them,2016,7.3,66.0,351727
1613,Split,2016,7.3,62.0,332038
1616,10 Cloverfield Lane,2016,7.2,76.0,254881
1617,The Jungle Book,2016,7.4,77.0,237140
1618,The Nice Guys,2016,7.4,70.0,232887
1621,Moonlight,2016,7.4,99.0,218088
1622,Moana,2016,7.6,81.0,215895
1624,Manchester by the Sea,2016,7.8,96.0,208056
1625,Finding Dory,2016,7.3,77.0,207762
1626,Star Trek Beyond,2016,7.1,68.0,205814
1627,Nocturnal Animals,2016,7.5,67.0,199092
1628,Sully,2016,7.5,74.0,196000
1629,The Conjuring 2,2016,7.4,65.0,187616
1632,Don't Breathe,2016,7.1,71.0,180899
1633,Lion,2016,8.1,69.0,175149
1634,Hell or High Water,2016,7.6,88.0,170151
1636,Hidden Figures,2016,7.8,74.0,165141
1641,The Secret Life of Pets,2016,6.5,61.0,157088
1642,Sausage Party,2016,6.2,66.0,155591
1643,Captain Fantastic,2016,7.9,72.0,153785
1650,Deadpool,2016,8.0,65.0,796829
1653,Captain America: Civil War,2016,7.8,75.0,549499
1655,Arrival,2016,7.9,81.0,496411
1656,Doctor Strange,2016,7.5,72.0,480681
1657,Rogue One,2016,7.8,65.0,463584
1658,La La Land,2016,8.0,93.0,419646
1659,Zootopia,2016,8.0,78.0,371352
1660,Hacksaw Ridge,2016,8.1,71.0,353791
1661,Fantastic Beasts and Where to Find Them,2016,7.3,66.0,351727
1663,Split,2016,7.3,62.0,332038
1666,10 Cloverfield Lane,2016,7.2,76.0,254881
1667,The Jungle Book,2016,7.4,77.0,237140
1668,The Nice Guys,2016,7.4,70.0,232887
1671,Moonlight,2016,7.4,99.0,218088
1672,Moana,2016,7.6,81.0,215895
1674,Manchester by the Sea,2016,7.8,96.0,208056
1675,Finding Dory,2016,7.3,77.0,207762
1676,Star Trek Beyond,2016,7.1,68.0,205814
1677,Nocturnal Animals,2016,7.5,67.0,199092
1678,Sully,2016,7.5,74.0,196000
1679,The Conjuring 2,2016,7.4,65.0,187616
1682,Don't Breathe,2016,7.1,71.0,180899
1683,Lion,2016,8.1,69.0,175149
1684,Hell or High Water,2016,7.6,88.0,170151
1686,Hidden Figures,2016,7.8,74.0,165141
1691,The Secret Life of Pets,2016,6.5,61.0,157088
1692,Sausage Party,2016,6.2,66.0,155591
1693,Captain Fantastic,2016,7.9,72.0,153785
1700,Logan,2017,8.1,77.0,536592
1701,Wonder Woman,2017,7.5,76.0,465846
1702,Dunkirk,2017,7.9,94.0,448145
1703,Guardians of the Galaxy Vol. 2,2017,7.7,67.0,445787
1704,Star Wars: Episode VIII - The Last Jedi,2017,7.2,85.0,444673
1705,Thor: Ragnarok,2017,7.9,74.0,432482
1706,Spider-Man: Homecoming,2017,7.5,73.0,391538
1707,Get Out,2017,7.7,84.0,367958
1708,Blade Runner 2049,2017,8.0,81.0,361924
1709,Baby Driver,2017,7.6,86.0,347028
1710,It,2017,7.4,69.0,337559
1711,"Three Billboards Outside Ebbing, Missouri",2017,8.2,88.0,321785
1713,The Shape of Water,2017,7.3,87.0,288998
1714,John Wick: Chapter 2,2017,7.5,75.0,261092
1715,Coco,2017,8.4,81.0,256973
1717,Beauty and the Beast,2017,7.2,65.0,229129
1718,Kong: Skull Island,2017,6.6,62.0,227031
1720,Alien: Covenant,2017,6.4,65.0,219603
1723,War for the Planet of the Apes,2017,7.5,82.0,194833
1729,Lady Bird,2017,7.4,94.0,167034
1731,Wind River,2017,7.7,73.0,160980
1733,Mother!,2017,6.6,75.0,148370
1735,Atomic Blonde,2017,6.7,63.0,144255
1736,Call Me by Your Name,2017,7.9,93.0,144024
1740,"I, Tonya",2017,7.5,77.0,131868
1741,Darkest Hour,2017,7.4,75.0,129492
1743,American Made,2017,7.2,65.0,124810
1747,The Lego Batman Movie,2017,7.3,75.0,111193
1749,The Disaster Artist,2017,7.4,76.0,106238
1750,Logan,2017,8.1,77.0,536592
1751,Wonder Woman,2017,7.5,76.0,465846
1752,Dunkirk,2017,7.9,94.0,448145
1753,Guardians of the Galaxy Vol. 2,2017,7.7,67.0,445787
1754,Star Wars: Episode VIII - The Last Jedi,2017,7.2,85.0,444673
1755,Thor: Ragnarok,2017,7.9,74.0,432482
1756,Spider-Man: Homecoming,2017,7.5,73.0,391538
1757,Get Out,2017,7.7,84.0,367958
1758,Blade Runner 2049,2017,8.0,81.0,361924
1759,Baby Driver,2017,7.6,86.0,347028
1760,It,2017,7.4,69.0,337559
1761,"Three Billboards Outside Ebbing, Missouri",2017,8.2,88.0,321785
1763,The Shape of Water,2017,7.3,87.0,288998
1764,John Wick: Chapter 2,2017,7.5,75.0,261092
1765,Coco,2017,8.4,81.0,256973
1767,Beauty and the Beast,2017,7.2,65.0,229129
1768,Kong: Skull Island,2017,6.6,62.0,227031
1770,Alien: Covenant,2017,6.4,65.0,219603
1773,War for the Planet of the Apes,2017,7.5,82.0,194833
1779,Lady Bird,2017,7.4,94.0,167034
1781,Wind River,2017,7.7,73.0,160980
1783,Mother!,2017,6.6,75.0,148370
1785,Atomic Blonde,2017,6.7,63.0,144255
1786,Call Me by Your Name,2017,7.9,93.0,144024
1790,"I, Tonya",2017,7.5,77.0,131868
1791,Darkest Hour,2017,7.4,75.0,129492
1793,American Made,2017,7.2,65.0,124810
1797,The Lego Batman Movie,2017,7.3,75.0,111193
1799,The Disaster Artist,2017,7.4,76.0,106238
